{
  "A0": [],
  "A0+": [],
  "A1": [
    1,
    3,
    1,
    4,
    2,
    5,
    3,
    4,
    1,
    4,
    3,
    3,
    9,
    2,
    3,
    7,
    5,
    16,
    2,
    1,
    2,
    4,
    5,
    2,
    2,
    2,
    16,
    16,
    7,
    8,
    5,
    3,
    5,
    3,
    4,
    5,
    5,
    1,
    2,
    2,
    4,
    4,
    1,
    5,
    4,
    3,
    2,
    3,
    1,
    3,
    4,
    2,
    16,
    4,
    3,
    3,
    1,
    3,
    2,
    4,
    5,
    4,
    1,
    3,
    3,
    4,
    1,
    2,
    5,
    2,
    3,
    3,
    2,
    2,
    3,
    4,
    4,
    3,
    2,
    5,
    5,
    4,
    24,
    3,
    3,
    5,
    2,
    4,
    2,
    3,
    4,
    4,
    4,
    4,
    3,
    4,
    2,
    3,
    5,
    2,
    2,
    5,
    2,
    5,
    3,
    2,
    4,
    5,
    2,
    2,
    4,
    3,
    3,
    1,
    2,
    4,
    2,
    4,
    3,
    2,
    2,
    2,
    3,
    3,
    3,
    4,
    2,
    5,
    3,
    5,
    2,
    4,
    2,
    4,
    4,
    4,
    10,
    4,
    8,
    4,
    3,
    4,
    4,
    1,
    3,
    4,
    5,
    5,
    3,
    2,
    3,
    3,
    2,
    2,
    2,
    3,
    2,
    4,
    5,
    4,
    5,
    3,
    3,
    2,
    3,
    4,
    3,
    3,
    3,
    4,
    3,
    4,
    4,
    3,
    3,
    2,
    3,
    5,
    3,
    5,
    1,
    1,
    5,
    3,
    1,
    2,
    3,
    3,
    2,
    2,
    3,
    3,
    4,
    2,
    2,
    2,
    2,
    3,
    3,
    2,
    4,
    4,
    4,
    4,
    3,
    4,
    4,
    4,
    3,
    3,
    2,
    1,
    -1,
    3,
    5,
    1,
    2,
    4,
    4,
    2,
    4,
    3,
    8,
    5,
    3,
    13,
    5,
    3,
    1,
    2,
    3,
    2,
    1,
    2,
    4,
    4,
    2,
    2,
    1,
    2,
    4,
    1,
    3,
    2,
    3,
    4,
    2,
    5,
    2,
    4,
    4,
    4,
    1,
    2,
    3,
    1,
    1,
    3,
    1,
    3,
    3,
    3,
    3,
    4,
    3,
    3,
    4,
    1,
    3,
    4,
    4,
    3,
    4
  ],
  "A1+": [
    4,
    4,
    3,
    5,
    3,
    3,
    7,
    4
  ],
  "A2": [
    4,
    1,
    7,
    5
  ],
  "A2+": [
    8,
    3
  ],
  "B1": [],
  "B1+": [],
  "B2": [],
  "B2+": [],
  "C1": [],
  "C1+": [],
  "C2": [],
  "means": {
    "A1": 3.4615384615384617,
    "A1+": 4.125,
    "A2": 4.25,
    "A2+": 5.5
  },
  "sds": {
    "A1": 2.5084809654480655,
    "A1+": 1.2686114456365274,
    "A2": 2.165063509461097,
    "A2+": 2.5
  }
}